,DM Tylobic on Discord if you spot an error.,,,,,,,,,,,
,,Tier,Continent,"Item 
level",Clear rewards,,,,,Market value,,
,,,,,,,,,,Normal,,Rested
,Chaos Rift,Tier 4.1,South Rimeria,1750,377,1160,21,"52,297","232,565","19,086",,"38,172"
,,,,1730,313,1035,16,"42,447","211,350","15,927",,"31,853"
,,,,,,,,,,,,
,,,,,,,,,,,,
,Kurzan Front,Tier 4,North Kurzan,1720,674,2181,48,"42,654","200,158","9,783",,"19,565"
,,,,1700,630,1671,41,"33,510","192,386","8,197",,"16,394"
,,,,1680,475,1274,35,"33,684","197,508","7,171",,"14,342"
,,,,1660,345,1170,27,"23,100","180,143","5,206",,"10,411"
,,,,1640,366,934,21,"17,767","175,468","4,520",,"9,040"
,,,,,,,,,,,,
,,,,,,,,,,,,
,Chaos Dungeon,Tier 3,Voldis,1600,,,,,"179,548",,,
,,,Elgacia,1580,,,,,"158,086",,,
,,,South Vern,1415,,,,,"137,380",,,
,,,Punika,1250,,,,,"91,575",,,
,,Tier 2,Feiton,960,,,,,"75,015",,,
,,,Yorn,805,,,,,"54,605",,,
,,,Rohendel,635,,,,,"36,243",,,
,,,North Vern,500,,,,,"14,746",,,