,"DM Tylobic on Discord if you spot an error, if you have any feedback, or if there is a pack missing or outdated. If you want to edit market prices or currency used, File > Make a Copy, and edit the ""Market prices"" tab at the bottom of the page.",,,,,,,,,,,,,,,,,,,,,
,,Royal Crystal packs,Availability,USD cost,Royal Crystal cost,Gold cost equivalent,Pack content,,,,,,,,,,,,,Pack efficiency,Pack efficiency without shards,Notes
,,,,,,,Item,,,,,,,,,,,Other,Total gold value,,,
,Paradise Special Pack,,Monthly x1,$29.97,"3,000","340,412",Quantity,,,,,,,,5,,,,"251,024",73.74%,73.74%,Other=value of gems + Hell keys
,,,,,,,Gold value,,,,,,,,"101,298",,,"149,726",,,,
,T4 Fusion & Leap Pack,,Weekly x3,$19.98,"2,000","226,941",Quantity,,,"1,000","1,000",,,,,,,,"112,000",49.35%,49.35%,
,,,,,,,Gold value,,,"12,000","100,000",,,,,,,,,,,
,T4 Growth Support Pack,,Monthly x10,$37.96,"3,800","431,188",Quantity,"12,500","25,000",400,300,100,50,"100,000",,,,,"147,100",34.12%,31.54%,Must pick between Glacier and Lava / Must pick between red and blue stone
,,,,,,,Gold value,"61,500","13,250","4,800","30,000","39,700","21,650","11,100",,,,,,,,
,T4 Shards & Support Material Pack,,Weekly x3,$19.98,"2,000","226,941",Quantity,,,,,500,125,"180,000",,,,,"198,500",87.47%,78.66%,Must pick between Glacier and Lava
,,,,,,,Gold value,,,,,"198,500","54,125","19,980",,,,,,,,
,1200 Crystal Pack,,Monthly x3,$26.97,"2,700","306,371",Quantity,,,,,,,,5,"1,200",,,"543,277",177.33%,177.33%,
,,,,,,,Gold value,,,,,,,,"101,298","441,979",,,,,,
,,,,,,,,,,,,,,,,,,,,,,
,Real currency packs,,Royal Crystals obtained from these packs are deducted from the RC cost,,,,,,,,,,,,,,,,,,,
,T4 Founder's Bronze Pack,,Per account x1,$14.99,501,"56,792",Quantity,,,,,,,"10,000",,420,"1,000",,"155,803",274.34%,272.38%,
,,,,,,,Gold value,,,,,,,"1,110",,"154,693",,,,,,
,T4 Founder's Silver Pack,,Per account x1,$24.99,502,"56,906",Quantity,"1,125","1,875",50,100,,,"40,000",,700,"2,000",,"279,390",490.97%,483.17%,
,,,,,,,Gold value,"5,535",994,600,"10,000",,,"4,440",,"257,821",,,,,,
,T4 Founder's Gold Pack,,Per account x1,$49.99,804,"91,231",Quantity,"1,875","2,625",125,300,,,"60,000",,"1,500","4,200",,"601,250",659.04%,651.74%,
,,,,,,,Gold value,"9,225","1,391","1,500","30,000",,,"6,660",,"552,474",,,,,,
,T4 Founder's Platinum Pack,,Per account x1,$89.99,958,"108,706",Quantity,"4,500","6,000",300,800,360,120,"140,000",,"2,700","8,050",,"1,261,833",1160.78%,1146.48%,Must pick between Glacier and Lava
,,,,,,,Gold value,"22,140","3,180","3,600","80,000","142,920","51,960","15,540",,"994,453",,,,,,
,Abyssal Support Pack,,Per account x1,$58.99,"3,705","420,398",Quantity,,,800,300,240,60,"200,000",20,,"2,200",,"562,271",133.75%,128.47%,Must pick between Glacier and Lava
,,,,,,,Gold value,,,"9,600","30,000","95,280","25,980","22,200","405,191",,,,,,,
,,,,,,,,,,,,,,,,,,,,,,
,Removed packs,,,,,,,,,,,,,,,,,,,,,
,Autumn Bounty Pack,,Per account x1,$94.91,"9,500","1,077,971",Quantity,,,,,,,,10,"1,900",,,"1,401,573",130.02%,130.02%,
,,,,,,,Gold value,,,,,,,,"202,596","699,800",,"499,177",,,,
,Thanksgiving Treasure Pack,,Per account x5,$41.96,"4,200","476,576",Quantity,,,,,,,,5,800,,,"425,786",89.34%,89.34%,
,,,,,,,Gold value,,,,,,,,"101,298","294,653",,"29,835",,,,
,Gold Harvest Honing Pack,,Per account x5,$64.94,"6,500","737,559",Quantity,"50,000","100,000","1,500","2,000",300,150,"240,000",,,,,"609,740",82.67%,79.06%,
,,,,,,,Gold value,"246,000","53,000","18,000","200,000","119,100","64,950","26,640",,,,,,,,
,Silver Harvest Honing Pack,,Per account x5,$27.97,"2,800","317,718",Quantity,,,200,200,80,20,"100,000",2,,,,"105,779",33.29%,29.80%,
,,,,,,,Gold value,,,"2,400","20,000","31,760","8,660","11,100","40,519",,,,,,,
,Fall Platinum Pack,,Limited x1,$99.90,"10,000","1,134,706",Quantity,,,"3,000","2,000",800,200,"400,000",10,,,,"1,150,596",101.40%,97.49%,Must pick between Glacier and Lava / Other: Bound Relic Engraving Selector
,,,,,,,Gold value,,,"36,000","200,000","317,600","86,600","44,400","202,596",,,"350,000",,,,
,Fall Golden Pack,,Limited x1,$39.96,"4,000","453,882",Quantity,,,400,400,240,60,"200,000",5,,,,"263,578",58.07%,53.18%,Must pick between Glacier and Lava
,,,,,,,Gold value,,,"4,800","40,000","95,280","25,980","22,200","101,298",,,,,,,