,DM Tylobic on Discord if you spot an error.,,,,,,,,,,
,,Guardian Raids,"Item 
level",Clear rewards,,,,,,,
,,,,,,,,,,,Accessories
,Tier 4.1,GR Shade Rotation,1750,"57,500",11-12,,1-2,0-2,40,15,T4 Ancient
,,,1730,"55,000",10-11,,1-2,0-2,35,15,T4 Ancient
,Tier 4,Krathios,1720,"50,275",6-7,,1-2,0-2,20,15,T4 Ancient
,,Drextalas,1700,"46,295",2-6,,1-2,0-2,15,10,T4 Ancient
,,Skolakia,1680,"40,687",4-5,,1-2,0-2,10,15,T4 Ancient and Relic
,,Argeos,1640,"34,976",2-3,,0-2,0-2,5,10,T4 Relic
,Tier 3,Purification 1 Guardians,1580,,2.6,24,1-2,0-1,,16,T3 Ancient
,,Level 6 Guardians,1415,,1.3-1.6,12-15,1-2,0-1,,16,T3 Relic
,,Level 5 Guardians,1250,,0.6-1,6-9,1-2,,,16,T3 Legendary
,Tier 2,Level 4 Guardians,960,,,,0-1,,,4,T2 Epic
,,Level 3 Guardians,805,,,,0-1,,,4,T2 Epic
,,Level 2 Guardians,635,,,,0-1,,,4,T2 Rare
,,Level 1 Guardians,500,,,,0-1,,,4,T2 Rare