,"DM Tylobic on Discord if you spot an error, if you have any feedback, or if there is a Mari deal missing. If you want to edit market prices, File > Make a Copy, and edit the ""Market prices"" tab at the bottom of the page.",,,,,,
,,,Mari's Shop (F4),,,Market (Alt+Y),Cheaper: Mari vs Market
,,,Quantity,BC cost,Gold cost equivalent,Gold cost,
,,Glacier's Breath,30,52,"19,152","11,910",Market
,,Glacier's Breath,20,40,"14,733","7,940",Market
,,Lava's Breath,15,63,"23,204","6,495",Market
,,Lava's Breath,10,45,"16,574","4,330",Market
,,Superior Abidos Fusion Material,100,80,"29,465","14,200",Market
,,Abidos Fusion Material,100,60,"22,099","10,000",Market
,,Destiny Shard Pouch (S),20,60,"22,099","2,220",Market
,,Destiny Shard Pouch (S),15,47,"17,311","1,665",Market
,,Destiny Shard Pouch (S),10,35,"12,891","1,110",Market
,,Destiny Crystallized Destruction Stone,1000,65,"23,941","24,470",Mari
,,Great Destiny Leapstone,200,15,"5,525","4,600",Market
,,Destiny Leapstone,200,12,"4,420","2,400",Market
,,Tailoring: Hellfire [11-14],10,35,"12,891","8,850",Market
,,Metallurgy: Hellfire [11-14],5,9,"3,315","2,350",Market
,,Artisan's Tailoring: Level 1,2,18,"6,630",108,Market
,,Artisan's Metallurgy: Level 1,2,9,"3,315",228,Market
,,Artisan's Tailoring: Level 2,1,22,"8,103",34,Market
,,Artisan's Metallurgy: Level 2,2,28,"10,313",150,Market
,,Joyful Legendary - Rare Card Pack,15,330,"121,544",,
,,Joyful Legendary - Rare Card Pack,10,230,"84,713",,
,,Joyful Any Card Pack,30,410,"151,009",,
,,Joyful Any Card Pack,20,230,"84,713",,
,,Legendary Rapport Selection Chest,5,190,"69,980",,
,,Legendary Rapport Selection Chest,3,126,"46,408",,
,,Epic Rapport Selection Chest,10,80,"29,465",,
,,Epic Rapport Selection Chest,5,50,"18,416",,
,,Stone of Soaring Engraving Setting Kit Chest,10,460,"169,425",,
,,Basic Life Energy Potion,15,330,"121,544",,
,,Basic Life Energy Potion,10,230,"84,713",,
,,Stronghold Energy (M),10,120,"44,198",,
,,Trade Skill Tool Restoration Kit,20,10,"3,683",,
,,Guild Honor Banner,5,40,"14,733",,