,"If you want to edit market prices, File > Make a Copy, and edit this page.",,,,,,,,,,,,
,Only edit the values in the orange cells. Do not edit other cells.,,,,,,,,,,,,
,,,Market prices - EUC - October 3rd 2026,,,,,Unit Market prices (do not edit),,,Gold -> Blue Crystal,,
,,,T4.1,T4,,,,T4.1,T4,,95 Blue Crystals,34990,gold
,,100 Blue stones,308,53,,,1 Blue stone,3.08,0.53,,1 Blue Crystal,368.32,gold
,,100 Red stones,"2,447",492,,,1 Red stone,24.47,4.92,,,,
,,1 Leapstone,23,12,,,1 Leapstone,23.00,12.00,,Royal Crystal -> Gold,,
,,Shard Pouch (S),160,-,,,1 Shard,0.11,0.11,,238 Royal Crystals,27006,gold
,,Shard Pouch (M),400,-,,,1 Fusion Mat,142.00,100.00,,1 Royal Crystal,113.47,gold
,,Shard Pouch (L),333,-,,,,,,,,,
,,Fusion Material,142,100,,,,,,,Currency,USD,
,,,,,,,,,,,USD -> Royal Crystal,,
,,Glacier's Breath,397,,,,1 Glacier's Breath,397.00,,,1000 Royal Crystals,9.99,USD
,,Lava's Breath,433,,,,1 Lava's Breath,433.00,,,100 Royal Crystals,1.00,USD
,,Artisan's Tailoring: Level 1,54,,,,1 Artisan's Tailoring Lv1,54.00,,,,,
,,Artisan's Metallurgy: Level 1,114,,,,1 Artisan's Metallurgy Lv1,114.00,,,,,
,,Artisan's Tailoring: Level 2,34,,,,1 Artisan's Tailoring Lv2,34.00,,,,,
,,Artisan's Metallurgy: Level 2,75,,,,1 Artisan's Metallurgy Lv2,75.00,,,,,
,,Artisan's Tailoring: Level 3,599,,,,1 Artisan's Tailoring Lv3,599.00,,,,,
,,Artisan's Metallurgy: Level 3,550,,,,1 Artisan's Metallurgy Lv3,550.00,,,,,
,,Artisan's Tailoring: Level 4,597,,,,1 Artisan's Tailoring Lv4,597.00,,,,,
,,Artisan's Metallurgy: Level 4,320,,,,1 Artisan's Metallurgy Lv4,320.00,,,,,
,,Tailoring 11-14,885,,,,1 Tailoring 11-14,885.00,,,,,
,,Metallurgy 11-14,470,,,,1 Metallurgy 11-14,470.00,,,,,
,,Circulated Leapstone,125,* estimated value,,,1 Circulated Leapstone,125.00,,,,,
,,Transferred Leapstone,400,* estimated value,,,1 Transferred Leapstone,400.00,,,,,
,,Lv. 8 Tier 4 Gem,"435,000",,,,1 Lv. 1 Tier 4 Gem,198.90,,,,,
,,,,,,,1 Cube ticket (1720),"20,259.57",,,,,
,,,,,,,1 Haal's Hourglass (1750),"20,976.74",,,,,
,,,,,,,1 Chaos Gate (1750),"13,534.32",,,,,
,,,,,,,1 Sevek Atun (1750),"31,812.65",,,,,