,"DM Tylobic on Discord if you spot an error or if you have any feedback. If you want to edit market prices, File > Make a Copy, and edit the ""Market prices"" tab at the bottom of the page.
Last updated: September 2026 (Dimensions Unbound patch)",,,,,,,,,,,,,,,,,,,,,,,,,,,
,,Raids / Dungeons,,"Item 
level",Gate,Clear rewards,,,,,,,,,,Bid,Chest rewards,,,,,,,,Chest value (vs Market),,,
,,,,,,Gold,Roster-bound Gold,Character-bound Gold,Main Materials,Clear Medal,Destiny Stone,Destruction Stones,Guardian Stones,Shards,Leapstones,Main Materials,Chest cost,Main Materials,Destruction Stones,Guardian Stones,Shards,Leapstones,Card Pack,,at item lvl,"at item lvl
without shards","5:1 to
T4.1 mats","5:1 to T4.1
without shards"
,,,,,,,,,,,,,,,,,,,,,,,,,,,,
,Tier 4.1,"Abyssal Dungeon:
Horizon Cathedral",Level 3,1750,Gate 1,,,20000,24,,,405,810,9100,8,,6400,24,860,1720,19000,36,,,457%,425%,,
,,,,,Gate 2,,,30000,36,,10,500,1000,11000,12,,9600,36,1430,2860,32200,60,1,,529%,491%,,
,,,,,Total,50000,,,60,,10,905,1810,20100,20,,16000,60,2290,4580,51200,96,1,,,,,
,Tier 4,,Level 2,1720,Gate 1,,,16000,12,,,980,1960,6800,11,,5120,12,1680,3360,14250,53,,,240%,209%,237%,206%
,,,,,Gate 2,,,24000,18,,10,1150,2300,8600,16,,7680,18,2880,5760,24200,94,1,,295%,255%,284%,249%
,,,,,Total,40000,,,30,,10,2130,4260,15400,27,,12800,30,4560,9120,38450,147,1,,,,,
,,,Level 1,1700,Gate 1,,,13500,4,,,820,1640,5400,9,,4320,4,1400,2800,11880,44,,,237%,206%,234%,203%
,,,,,Gate 2,,,16500,6,,8,960,1920,6800,12,,5280,6,2400,4800,20160,78,1,,356%,307%,343%,300%
,,,,,Total,30000,,,10,,8,1780,3560,12200,21,,9600,10,3800,7600,32040,122,1,,,,,
,Tier 4.1,"Shadow Raid:
Serca",Nightmare,1740,Gate 1,21000,,,10,1300,,405,810,9100,8,,6720,10,860,1720,19000,36,,,436%,404%,,
,,,,,Gate 2,33000,,,15,2100,10,500,1000,11000,12,,10560,15,1430,2860,32200,60,1,,481%,447%,,
,,,,,Total,54000,,,25,3400,10,905,1810,20100,20,,17280,25,2290,4580,51200,96,1,,,,,
,,,Hard,1730,Gate 1,17500,,,10,1300,,385,770,8300,7,,5600,10,750,1500,17500,30,,,457%,423%,,
,,,,,Gate 2,26500,,,15,2100,10,475,950,10100,10,,8480,15,1130,2260,26820,45,1,,474%,439%,,
,,,,,Total,44000,,,25,3400,10,860,1720,18400,17,,14080,25,1880,3760,44320,75,1,,,,,
,Tier 4,,Normal,1710,Gate 1,6500,6500,,100,1300,,880,1760,6200,12,,4480,100,1610,3220,13650,50,,,262%,228%,259%,225%
,,,,,Gate 2,9500,9500,,100,2100,8,1100,2200,7900,15,,6720,100,2480,4960,20880,82,1,,292%,252%,280%,246%
,,,,,Total,32000,,,200,3400,8,1980,3960,14100,27,,11200,200,4090,8180,34530,132,1,,,,,
,,,Matching,1710,Gate 1,6500,6500,,100,1300,,880,1760,6200,12,,4480,100,1610,3220,13650,50,,,262%,228%,259%,225%
,,,,,Gate 2,9500,9500,,100,2100,8,1100,2200,7900,15,,6720,100,2480,4960,20880,82,1,,292%,252%,280%,246%
,,,,,Total,32000,,,200,3400,8,1980,3960,14100,27,,11200,200,4090,8180,34530,132,1,,,,,
,Tier 4.1,"Denouement:
Final Day",Hard,1730,Gate 1,16000,,,,1300,,385,770,8300,7,,5120,,750,1500,17500,30,,,500%,462%,,
,,,,,Gate 2,32000,,,,2100,10,475,950,10100,10,,10240,,1320,2640,29800,50,1,,454%,422%,,
,,,,,Total,48000,,,,3400,10,860,1720,18400,17,,15360,,2070,4140,47300,80,1,,,,,
,Tier 4,,Normal,1710,Gate 1,6500,6500,,,1300,,880,1760,6200,12,,3520,,1610,3220,13650,50,,,334%,291%,330%,287%
,,,,,Gate 2,9500,9500,,,2100,8,1100,2200,7900,15,,6720,,2760,5520,23200,90,1,,322%,278%,310%,272%
,,,,,Total,32000,,,,3400,8,1980,3960,14100,27,,10240,,4370,8740,36850,140,1,,,,,
,,,Solo,1710,Gate 1,6500,6500,,,1300,,880,1760,6200,12,,3520,,1610,3220,13650,50,,,334%,291%,330%,287%
,,,,,Gate 2,9500,9500,,,2100,8,1100,2200,7900,15,,6720,,2760,5520,23200,90,1,,322%,278%,310%,272%
,,,,,Total,32000,,,,3400,8,1980,3960,14100,27,,10240,,4370,8740,36850,140,1,,,,,
,,"Act 4:
Armoche",Hard,1720,Gate 1,13500,,,,1200,,980,1960,6800,11,,4320,,1680,3360,14250,53,,,284%,247%,280%,244%
,,,,,Gate 2,24500,,,,1900,9,1150,2300,8600,16,,7840,,2880,5760,24200,94,1,,289%,250%,278%,244%
,,,,,Total,38000,,,,3100,9,2130,4260,15400,27,,12160,,4560,9120,38450,147,1,,,,,
,,,Normal,1700,Gate 1,5000,5000,,,1200,,820,1640,5400,9,,3200,,1400,2800,11880,44,,,319%,278%,316%,274%
,,,,,Gate 2,8500,8500,,,1900,7,960,1920,6800,12,,5440,,2400,4800,20160,78,1,,345%,298%,333%,292%
,,,,,Total,27000,,,,3100,7,1780,3560,12200,21,,8640,,3800,7600,32040,122,1,,,,,
,,,Solo,1700,Gate 1,5000,5000,,,1200,,820,1640,5400,9,,3200,,1400,2800,11880,44,,,319%,278%,316%,274%
,,,,,Gate 2,8500,8500,,,1900,7,960,1920,6800,12,,5440,,2400,4800,20160,78,1,,345%,298%,333%,292%
,,,,,Total,27000,,,,3100,7,1780,3560,12200,21,,8640,,3800,7600,32040,122,1,,,,,
,,"Act 3:
Mordum",Hard,1700,Gate 1,2500,2500,,3,600,,440,880,3400,6,,1650,3,600,1200,5000,23,,,268%,234%,263%,229%
,,,,,Gate 2,4000,4000,,5,700,,520,1040,4000,6,,2640,5,830,1660,7200,27,,,231%,200%,228%,197%
,,,,,Gate 3,7000,7000,,10,1400,7,640,1280,5600,8,10,4060,10,1460,2920,11760,45,1,,291%,251%,277%,245%
,,,,,Total,27000,,,18,2700,7,1600,3200,13000,20,10,8350,18,2890,5780,23960,95,1,,,,,
,,,Normal,1680,Gate 1,2000,2000,,3,600,,320,640,2600,4,,1300,3,390,780,3680,12,,,222%,190%,219%,188%
,,,,,Gate 2,3500,3500,,5,700,,400,800,3000,4,,2350,5,530,1060,4750,15,,,165%,143%,164%,141%
,,,,,Gate 3,5000,5000,,10,1400,5,520,1040,4200,6,10,3360,10,780,1560,6810,21,1,,195%,166%,184%,162%
,,,,,Total,21000,,,18,2700,5,1240,2480,9800,14,10,7010,18,1700,3400,15240,48,1,,,,,
,,,Solo,1680,Gate 1,2000,2000,,3,600,,320,640,2600,4,,1300,3,390,780,3680,12,,,222%,190%,219%,188%
,,,,,Gate 2,3500,3500,,5,700,,400,800,3000,4,,2350,5,530,1060,4750,15,,,165%,143%,164%,141%
,,,,,Gate 3,5000,5000,,10,1400,5,520,1040,4200,6,,3360,10,780,1560,6810,21,1,,195%,166%,184%,162%
,,,,,Total,21000,,,18,2700,5,1240,2480,9800,14,,7010,18,1700,3400,15240,48,1,,,,,
,,"Act 2:
Brelshaza",Hard,1690,Gate 1,3750,3750,,8,1000,,640,1280,4600,7,,2400,8,720,1440,6000,30,,,222%,194%,217%,190%
,,,,,Gate 2,7750,7750,,12,1300,6,700,1400,6000,8,10,5100,12,1320,2640,10590,50,1,,212%,183%,200%,177%
,,,,,Total,23000,,,20,2300,6,1340,2680,10600,15,10,7500,20,2040,4080,16590,80,1,,,,,
,,,Normal,1670,Gate 1,2750,2750,,4,1000,,540,1080,4000,5,,1820,4,610,1220,5220,13,,,241%,209%,240%,209%
,,,,,Gate 2,5500,5500,,6,1300,4,640,1280,4600,6,5,3720,6,810,1620,8060,21,1,,185%,155%,175%,151%
,,,,,Total,16500,,,10,2300,4,1180,2360,8600,11,5,5540,10,1420,2840,13280,34,1,,,,,
,,,Solo,1670,Gate 1,2750,2750,,4,1000,,540,1080,4000,5,,1820,4,610,1220,5220,13,,,241%,209%,240%,209%
,,,,,Gate 2,5500,5500,,6,1300,4,640,1280,4600,6,,3720,6,810,1620,8060,21,1,,185%,155%,175%,151%
,,,,,Total,16500,,,10,2300,4,1180,2360,8600,11,,5540,10,1420,2840,13280,34,1,,,,,
,,"Act 1:
Aegir",Hard,1680,Gate 1,2750,2750,,8,800,,580,1160,4200,6,,1820,8,610,1220,5280,18,,,244%,212%,242%,210%
,,,,,Gate 2,6250,6250,,12,1100,5,660,1320,5400,7,10,4150,12,940,1880,8930,31,1,,195%,165%,183%,160%
,,,,,Total,18000,,,20,1900,5,1240,2480,9600,13,10,5970,20,1550,3100,14210,49,1,,,,,
,,,Normal,1660,Gate 1,1750,1750,,4,800,,480,960,3600,4,,750,4,310,620,2800,8,,,301%,260%,300%,258%
,,,,,Gate 2,4000,4000,,6,1100,4,580,1160,4400,5,5,1780,6,460,920,4480,15,1,,242%,202%,222%,194%
,,,,,Total,11500,,,10,1900,4,1060,2120,8000,9,5,2530,10,770,1540,7280,23,1,,,,,
,,,Solo,1660,Gate 1,1750,1750,,4,800,,480,960,3600,4,,750,4,310,620,2800,8,,,301%,260%,300%,258%
,,,,,Gate 2,4000,4000,,6,1100,4,580,1160,4400,5,,1780,6,460,920,4480,15,1,,242%,202%,222%,194%
,,,,,Total,11500,,,10,1900,4,1060,2120,8000,9,,2530,10,770,1540,7280,23,1,,,,,
,,Behemoth,Normal,1620,Gate 1,1100,1100,,10,600,,200,400,2700,,,1250,10,550,1100,3800,12,,,308%,275%,308%,274%
,,,,,Gate 2,2500,2500,,20,800,3,260,520,3800,,,2000,20,850,1700,5800,19,1,,335%,294%,321%,289%
,,,,,Total,7200,,,30,1400,3,460,920,6500,,,3250,30,1400,2800,9600,31,1,,,,,
,,"Overture:
Echidna",Hard,1630,Gate 1,1100,1100,,3,400,,200,400,2700,2,,720,3,240,480,1620,7,,,236%,211%,234%,209%
,,,,,Gate 2,2500,2500,,6,550,3,260,520,3800,3,5,1630,6,460,920,2990,20,1,,250%,218%,228%,208%
,,,,,Total,7200,,,9,950,3,460,920,6500,5,5,2350,9,700,1400,4610,27,1,,,,,
,,,Normal,1620,Gate 1,,1900,,3,400,,80,160,1800,1,,310,3,90,180,1320,2,,,229%,181%,228%,181%
,,,,,Gate 2,,4200,,6,550,2,110,220,2100,1,5,700,6,160,320,1900,3,1,,261%,209%,229%,199%
,,,,,Total,6100,,,9,950,2,190,380,3900,2,5,1010,9,250,500,3220,5,1,,,,,
,,,Solo,1620,Gate 1,,1900,,3,400,,80,160,1800,1,,310,3,90,180,1320,2,,,229%,181%,228%,181%
,,,,,Gate 2,,4200,,6,550,2,110,220,2100,1,,700,6,160,320,1900,3,1,,261%,209%,229%,199%
,,,,,Total,6100,,,9,950,2,190,380,3900,2,,1010,9,250,500,3220,5,1,,,,,
,,Thaemine,Hard,1620,Gate 1,,2000,,,250,,80,160,1200,1,,500,,90,180,920,1,,,130%,110%,132%,111%
,,,,,Gate 2,,2400,,,300,,90,180,1400,1,,600,,100,200,1060,2,,,123%,104%,123%,104%
,,,,,Gate 3,,3600,,,500,3,100,200,1650,1,,900,,130,260,1360,3,1,,121%,101%,116%,99%
,,,,,Gate 4,,5000,,,,4,110,220,1800,1,,1250,,180,360,1910,4,1,,117%,97%,113%,96%
,,,,,Total,13000,,,,1050,7,380,760,6050,4,,3250,,500,1000,5250,10,2,,,,,
,Tier 3,,Normal,1610,Gate 1,,1600,,,250,,,,,,,360,,,,,,,,,,,
,,,,,Gate 2,,2000,,,300,,,,,,,440,,,,,,,,,,,
,,,,,Gate 3,,2800,,,500,,,,,,,640,,,,,,1,,,,,
,,,,,Total,6400,,,,1050,,,,,,,1440,,,,,,1,,,,,
,,,Solo,1610,Gate 1,,1600,,,250,,,,,,,360,,,,,,,,,,,
,,,,,Gate 2,,2000,,,300,,,,,,,440,,,,,,,,,,,
,,,,,Gate 3,,2800,,,500,,,,,,,640,,,,,,1,,,,,
,,,,,Total,6400,,,,1050,,,,,,,1440,,,,,,1,,,,,
,,"Ivory 
Tower",Hard,1610,Gate 1,420,1680,,,200,,,,,,,350,,,,,,,,,,,
,,,,,Gate 2,480,1920,,,250,,,,,,,500,,,,,,1,,,,,
,,,,,Gate 3,540,2160,,,450,,,,,,,950,,,,,,1,,,,,
,,,,,Total,7200,,,,900,,,,,,,1800,,,,,,2,,,,,
,,,Normal,1600,Gate 1,250,1100,,,200,,,,,,,180,,,,,,,,,,,
,,,,,Gate 2,350,1400,,,250,,,,,,,220,,,,,,1,,,,,
,,,,,Gate 3,420,1680,,,450,,,,,,,300,,,,,,1,,,,,
,,,,,Total,5200,,,,900,,,,,,,700,,,,,,2,,,,,
,,,Solo,1600,Gate 1,,1350,,,200,,,,,,,180,,,,,,,,,,,
,,,,,Gate 2,,1750,,,250,,,,,,,220,,,,,,1,,,,,
,,,,,Gate 3,,2100,,,450,,,,,,,300,,,,,,1,,,,,
,,,,,Total,5200,,,,900,,,,,,,700,,,,,,2,,,,,
,,Akkan,Hard,1600,Gate 1,200,1300,,,150,,,,,,,300,,,,,,,,,,,
,,,,,Gate 2,410,1640,,,200,,,,,,,500,,,,,,,,,,,
,,,,,Gate 3,490,1960,,,400,,,,,,,700,,,,,,1,,,,,
,,,,,Total,6000,,,,750,,,,,,,1500,,,,,,1,,,,,
,,,Normal,1580,Gate 1,255,1015,,,150,,,,,,,190,,,,,,,,,,,
,,,,,Gate 2,300,1300,,,200,,,,,,,230,,,,,,,,,,,
,,,,,Gate 3,330,1500,,,400,,,,,,,330,,,,,,1,,,,,
,,,,,Total,4700,,,,750,,,,,,,750,,,,,,1,,,,,
,,,Solo,1580,Gate 1,,1270,,,150,,,,,,,190,,,,,,,,,,,
,,,,,Gate 2,,1600,,,200,,,,,,,230,,,,,,,,,,,
,,,,,Gate 3,,1830,,,400,,,,,,,330,,,,,,1,,,,,
,,,,,Total,4700,,,,750,,,,,,,750,,,,,,1,,,,,
,,Kayangel,Hard,1580,Gate 1,150,1000,,,100,,,,,,,225,,,,,,,,,,,
,,,,,Gate 2,250,1200,,,150,,,,,,,350,,,,,,,,,,,
,,,,,Gate 3,400,1300,,,200,,,,,,,500,,,,,,1,,,,,
,,,,,Total,4300,,,,450,,,,,,,1075,,,,,,1,,,,,
,,,Normal,1540,Gate 1,100,900,,,100,,,,,,,180,,,,,,,,,,,
,,,,,Gate 2,200,900,,,150,,,,,,,200,,,,,,,,,,,
,,,,,Gate 3,300,900,,,200,,,,,,,270,,,,,,1,,,,,
,,,,,Total,3300,,,,450,,,,,,,650,,,,,,1,,,,,
,,,Solo,1540,Gate 1,,1000,,,100,,,,,,,180,,,,,,,,,,,
,,,,,Gate 2,,1100,,,150,,,,,,,200,,,,,,,,,,,
,,,,,Gate 3,,1200,,,200,,,,,,,270,,,,,,1,,,,,
,,,,,Total,3300,,,,450,,,,,,,650,,,,,,1,,,,,
,,Brelshaza,Hard,1540,Gate 1,210,970,,,150,,,,,,,300,,,,,,,,,,,
,,,,,Gate 2,220,980,,,150,,,,,,,300,,,,,,,,,,,
,,,,1550,Gate 3,220,1000,,,150,,,,,,,300,,,,,,1,,,,,
,,,,1560,Gate 4,350,1650,,,250,,,,,,,500,,,,,,1,,,,,
,,,,,Total,5600,,,,700,,,,,,,1400,,,,,,2,,,,,
,,,Normal,1490,Gate 1,170,810,,,150,,,,,,,100,,,,,,,,,,,
,,,,,Gate 2,180,820,,,150,,,,,,,150,,,,,,,,,,,
,,,,1500,Gate 3,200,820,,,150,,,,,,,200,,,,,,1,,,,,
,,,,1520,Gate 4,300,1300,,,250,,,,,,,375,,,,,,1,,,,,
,,,,,Total,4600,,,,700,,,,,,,825,,,,,,2,,,,,
,,,Solo,1490,Gate 1,,980,,,150,,,,,,,100,,,,,,,,,,,
,,,,,Gate 2,,1000,,,150,,,,,,,150,,,,,,,,,,,
,,,,1500,Gate 3,,1020,,,150,,,,,,,200,,,,,,1,,,,,
,,,,1520,Gate 4,,1600,,,250,,,,,,,375,,,,,,1,,,,,
,,,,,Total,4600,,,,700,,,,,,,825,,,,,,2,,,,,
,,"Kakul-
Saydon",Normal,1475,Gate 1,70,330,,,60,,,,,,,100,,,,,,,,,,,
,,,,,Gate 2,100,500,,,90,,,,,,,150,,,,,,,,,,,
,,,,,Gate 3,180,820,,,150,,,,,,,200,,,,,,1,,,,,
,,,,,Total,2000,,,,300,,,,,,,450,,,,,,1,,,,,
,,,Solo,1475,Gate 1,,400,,,60,,,,,,,100,,,,,,,,,,,
,,,,,Gate 2,,600,,,90,,,,,,,150,,,,,,,,,,,
,,,,,Gate 3,,1000,,,150,,,,,,,200,,,,,,1,,,,,
,,,,,Total,2000,,,,300,,,,,,,450,,,,,,1,,,,,
,,Vykas,Hard,1460,Gate 1,80,420,,,60,,,,,,,225,,,,,,,,,,,
,,,,,Gate 2,170,830,,,100,,,,,,,375,,,,,,1,,,,,
,,,,,Total,1500,,,,160,,,,,,,600,,,,,,1,,,,,
,,,Normal,1430,Gate 1,50,300,,,60,,,,,,,100,,,,,,,,,,,
,,,,,Gate 2,100,550,,,100,,,,,,,150,,,,,,1,,,,,
,,,,,Total,1000,,,,160,,,,,,,250,,,,,,1,,,,,
,,,Solo,1430,Gate 1,,350,,,60,,,,,,,100,,,,,,,,,,,
,,,,,Gate 2,,650,,,100,,,,,,,150,,,,,,1,,,,,
,,,,,Total,1000,,,,160,,,,,,,250,,,,,,1,,,,,
,,Valtan,Hard,1445,Gate 1,70,330,,,50,,,,,,,175,,,,,,,,,,,
,,,,,Gate 2,130,570,,,70,,,,,,,275,,,,,,1,,,,,
,,,,,Total,1100,,,,120,,,,,,,450,,,,,,1,,,,,
,,,Normal,1415,Gate 1,40,250,,,50,,,,,,,75,,,,,,,,,,,
,,,,,Gate 2,60,400,,,70,,,,,,,100,,,,,,1,,,,,
,,,,,Total,750,,,,120,,,,,,,175,,,,,,1,,,,,
,,,Solo,1415,Gate 1,,290,,,50,,,,,,,75,,,,,,,,,,,
,,,,,Gate 2,,460,,,70,,,,,,,100,,,,,,1,,,,,
,,,,,Total,750,,,,120,,,,,,,175,,,,,,1,,,,,