,DM Tylobic on Discord if you spot an error.,,,,,,,,,,,,,,,,,,,,,
,,Raids / Dungeons,,"Item 
level",Gate,Clear rewards,,,,,,,Chest rewards,,,,,First clear rewards,,,,
,,,,,,Ark Grid Cores,Accessories,Ability Stones,Bracelets,Stone of Chaos,Fused Leapstones,Honing Tomes,Ark Grid Cores,Accessories,Ability Stones,Bracelets,Fused Leapstones,Silver,Mains Materials,Fused Leapstones,Stone of Chaos,Destiny Stone
,,,,,,,,,,,,,,,,,,,,,,
,Tier 4.1,"Abyssal Dungeon:
Horizon Cathedral",Level 3,1750,Gate 1,3,14,10,3,,,,3,14,10,3,,1m,,20,,10
,,,,,Gate 2,3,16,10,4,,6,,3,16,10,4,5,,,,,
,,,,,Total,6,30,20,7,,6,,6,30,20,7,5,,,,,
,Tier 4,,Level 2,1720,Gate 1,2,11,8,1,,17,,2,11,8,1,,1m,,20,,10
,,,,,Gate 2,2,12,9,2,,,,2,12,9,2,13,,,,,
,,,,,Total,4,23,17,3,,17,,4,23,17,3,13,,,,,
,,,Level 1,1700,Gate 1,2,9,7,2,,,,2,9,7,2,,1m,,20,,10
,,,,,Gate 2,2,10,8,4,,15,,2,10,8,4,10,,,,,
,,,,,Total,4,19,15,6,,15,,4,19,15,6,10,,,,,
,Tier 4.1,"Shadow Raid:
Serca",Nightmare,1740,Gate 1,3,14,10,3,,,,3,14,10,3,,1m,,20,,10
,,,,,Gate 2,3,16,10,4,,6,1,3,16,10,4,5,,,,,
,,,,,Total,6,30,20,7,,6,1,6,30,20,7,5,,,,,
,,,Hard,1730,Gate 1,2,13,10,2,,,,2,13,10,2,,1m,,20,,10
,,,,,Gate 2,2,14,10,3,,5,1,2,14,10,3,4,,,,,
,,,,,Total,4,27,20,5,,5,1,4,27,20,5,4,,,,,
,Tier 4,,Normal,1710,Gate 1,2,10,8,3,,,,2,10,8,3,,1m,,20,,10
,,,,,Gate 2,2,12,9,5,,17,1,2,12,9,5,12,,,,,
,,,,,Total,4,22,17,8,,17,1,4,22,17,8,12,,,,,
,,,Matching,1710,Gate 1,2,10,8,3,,,,2,10,8,3,,1m,,20,,10
,,,,,Gate 2,2,12,9,5,,17,1,2,12,9,5,12,,,,,
,,,,,Total,4,22,17,8,,17,1,4,22,17,8,12,,,,,
,Tier 4.1,"Denouement:
Final Day",Hard,1730,Gate 1,2,13,10,2,,,,2,13,10,2,,1m,,20,,10
,,,,,Gate 2,2,14,10,3,,5,1,2,14,10,3,4,,,,,
,,,,,Total,4,27,20,5,,5,1,4,27,20,5,4,,,,,
,Tier 4,,Normal,1710,Gate 1,2,10,8,3,,,,2,10,8,3,,1m,,20,,10
,,,,,Gate 2,2,12,9,5,,17,1,2,12,9,5,12,,,,,
,,,,,Total,4,22,17,8,,17,1,4,22,17,8,12,,,,,
,,,Solo,1710,Gate 1,2,10,8,3,,,,2,10,8,3,,1m,,20,,10
,,,,,Gate 2,2,12,9,5,,17,1,2,12,9,5,12,,,,,
,,,,,Total,4,22,17,8,,17,1,4,22,17,8,12,,,,,
,,"Act 4:
Armoche",Hard,1720,Gate 1,1,11,8,1,,,,1,11,8,1,,1m,,20,,10
,,,,,Gate 2,1,12,9,2,,19,1,1,12,9,2,13,,,,,
,,,,,Total,2,23,17,3,,19,1,2,23,17,3,13,,,,,
,,,Normal,1700,Gate 1,1,9,7,2,,,,1,9,7,2,,1m,,20,,10
,,,,,Gate 2,1,10,8,4,,15,1,1,10,8,4,10,,,,,
,,,,,Total,2,19,15,6,,15,1,2,19,15,6,10,,,,,
,,,Solo,1700,Gate 1,1,9,7,2,,,,1,9,7,2,,1m,,20,,10
,,,,,Gate 2,1,10,8,4,,15,1,1,10,8,4,10,,,,,
,,,,,Total,2,19,15,6,,15,1,2,19,15,6,10,,,,,
,,"Act 3:
Mordum",Hard,1700,Gate 1,,6,6,2,,,,,6,6,2,,1m,20,20,,10
,,,,,Gate 2,,8,7,2,,,,,8,7,2,,,,,,
,,,,,Gate 3,,10,8,4,,15,1,,10,8,4,10,,,,,
,,,,,Total,,24,21,8,,15,1,,24,21,8,10,,,,,
,,,Normal,1680,Gate 1,,3,4,1,,,,,3,4,1,,1m,20,20,,10
,,,,,Gate 2,,3,5,1,,,,,3,5,1,,,,,,
,,,,,Gate 3,,5,6,2,,11,1,,5,6,2,7,,,,,
,,,,,Total,,11,15,4,,11,1,,11,15,4,7,,,,,
,,,Solo,1680,Gate 1,,3,4,1,,,,,3,4,1,,1m,20,20,,10
,,,,,Gate 2,,3,5,1,,,,,3,5,1,,,,,,
,,,,,Gate 3,,5,6,2,,11,1,,5,6,2,7,,,,,
,,,,,Total,,11,15,4,,11,1,,11,15,4,7,,,,,
,,"Act 2:
Brelshaza",Hard,1690,Gate 1,,6,7,2,,,,,6,7,2,,1m,20,20,,10
,,,,,Gate 2,,8,8,4,,13,1,,8,8,4,9,,,,,
,,,,,Total,,14,15,6,,13,1,,14,15,6,9,,,,,
,,,Normal,1670,Gate 1,,3,6,3,,,,,3,6,3,,1m,20,20,,10
,,,,,Gate 2,,5,7,4,,11,1,,5,7,4,7,,,,,
,,,,,Total,,8,13,7,,11,1,,8,13,7,7,,,,,
,,,Solo,1670,Gate 1,,3,6,3,,,,,3,6,3,,1m,20,20,,10
,,,,,Gate 2,,5,7,4,,11,1,,5,7,4,7,,,,,
,,,,,Total,,8,13,7,,11,1,,8,13,7,7,,,,,
,,"Act 1:
Aegir",Hard,1680,Gate 1,,5,7,2,,,,,5,7,2,,1m,20,20,,
,,,,,Gate 2,,7,8,2,,12,1,,7,8,2,9,,,,,
,,,,,Total,,12,15,4,,12,1,,12,15,4,9,,,,,
,,,Normal,1660,Gate 1,,3,6,3,,,,,3,6,3,,1m,20,20,,
,,,,,Gate 2,,5,7,4,,9,1,,5,7,4,7,,,,,
,,,,,Total,,8,13,7,,9,1,,8,13,7,7,,,,,
,,,Solo,1660,Gate 1,,3,6,3,,,,,3,6,3,,1m,20,20,,
,,,,,Gate 2,,5,7,4,,9,1,,5,7,4,7,,,,,
,,,,,Total,,8,13,7,,9,1,,8,13,7,7,,,,,
,,Behemoth,Normal,1620,Gate 1,,2,6,2,,,,,2,6,2,,1m,100,20,,
,,,,,Gate 2,,4,7,3,,7,1,,4,7,3,6,,,,,
,,,,,Total,,6,13,5,,7,1,,6,13,5,6,,,,,
,,"Overture:
Echidna",Hard,1630,Gate 1,,2,4,2,,,,,2,4,2,,500k,10,20,,
,,,,,Gate 2,,4,5,3,,7,1,,4,5,3,6,,,,,
,,,,,Total,,6,9,5,,7,1,,6,9,5,6,,,,,
,,,Normal,1620,Gate 1,,1,3,1,,,,,1,3,1,,500k,10,20,,
,,,,,Gate 2,,2,4,2,,6,,,2,4,2,5,,,,,
,,,,,Total,,3,7,3,,6,,,3,7,3,5,,,,,
,,,Solo,1620,Gate 1,,1,3,1,,,,,1,3,1,,500k,10,20,,
,,,,,Gate 2,,2,4,2,,6,,,2,4,2,5,,,,,
,,,,,Total,,3,7,3,,6,,,3,7,3,5,,,,,
,,Thaemine,Hard,1620,Gate 1,,X,4,1,,,,,X,4,1,,1m,,,8,
,,,,,Gate 2,,X,4,1,,,,,X,4,1,,,,,,
,,,,,Gate 3,,X,5,2,,2,1,,X,5,2,1,,,,,
,,,,,Gate 4,,X,7,2,,2,1,,X,7,2,1,,,,,
,,,,,Total,,,20,6,,4,2,,,20,6,2,,,,,
,Tier 3,,Normal,1610,Gate 1,,3,3,2,,,,,3,3,2,,1m,,,8,
,,,,,Gate 2,,3,3,2,,,,,3,3,2,,,,,,
,,,,,Gate 3,,4,4,3,5,,,,4,4,3,,,,,,
,,,,,Total,,10,10,7,5,,,,10,10,7,,,,,,
,,,Solo,1610,Gate 1,,3,3,2,,,,,3,3,2,,1m,,,8,
,,,,,Gate 2,,3,3,2,,,,,3,3,2,,,,,,
,,,,,Gate 3,,4,4,3,5,,,,4,4,3,,,,,,
,,,,,Total,,10,10,7,5,,,,10,10,7,,,,,,
,,"Ivory 
Tower",Hard,1610,Gate 1,,2,2,2,,,,,2,2,2,,,,,,
,,,,,Gate 2,,2,2,2,,,,,2,2,2,,,,,,
,,,,,Gate 3,,4,4,3,3,,,,4,4,3,,,,,,
,,,,,Total,,8,8,7,3,,,,8,8,7,,,,,,
,,,Normal,1600,Gate 1,,1,1,1,,,,,1,1,1,,,,,,
,,,,,Gate 2,,2,1,2,,,,,2,1,2,,,,,,
,,,,,Gate 3,,3,2,2,3,,,,3,2,2,,,,,,
,,,,,Total,,6,4,5,3,,,,6,4,5,,,,,,
,,,Solo,1600,Gate 1,,1,1,1,,,,,1,1,1,,,,,,
,,,,,Gate 2,,2,1,2,,,,,2,1,2,,,,,,
,,,,,Gate 3,,3,2,2,3,,,,3,2,2,,,,,,
,,,,,Total,,6,4,5,3,,,,6,4,5,,,,,,
,,Akkan,Hard,1600,Gate 1,,4,4,3,,,,,4,4,2,,300k,,,8,
,,,,,Gate 2,,4,4,3,,,,,4,4,2,,,,,,
,,,,,Gate 3,,6,6,5,3,,,,6,6,3,,,,,,
,,,,,Total,,14,14,11,3,,,,14,14,7,,,,,,
,,,Normal,1580,Gate 1,,3,3,2,,,,,3,3,1,,300k,,,8,
,,,,,Gate 2,,3,3,2,,,,,3,3,1,,,,,,
,,,,,Gate 3,,4,4,3,3,,,,4,4,2,,,,,,
,,,,,Total,,10,10,7,3,,,,10,10,4,,,,,,
,,,Solo,1580,Gate 1,,3,3,2,,,,,3,3,1,,300k,,,8,
,,,,,Gate 2,,3,3,2,,,,,3,3,1,,,,,,
,,,,,Gate 3,,4,4,3,3,,,,4,4,2,,,,,,
,,,,,Total,,10,10,7,3,,,,10,10,4,,,,,,
,,Kayangel,Hard,1580,Gate 1,,2,1,1,,,,,2,1,1,,,,,,
,,,,,Gate 2,,2,2,2,,,,,2,2,2,,,,,,
,,,,,Gate 3,,2,2,2,3,,,,2,2,2,,,,,,
,,,,,Total,,6,5,5,3,,,,6,5,5,,,,,,
,,,Normal,1540,Gate 1,,1,1,1,,,,,1,1,1,,,,,,
,,,,,Gate 2,,1,1,1,,,,,1,1,1,,,,,,
,,,,,Gate 3,,2,2,2,4,,,,2,2,2,,,,,,
,,,,,Total,,4,4,4,4,,,,4,4,4,,,,,,
,,,Solo,1540,Gate 1,,1,1,1,,,,,1,1,1,,,,,,
,,,,,Gate 2,,1,1,1,,,,,1,1,1,,,,,,
,,,,,Gate 3,,2,2,2,4,,,,2,2,2,,,,,,
,,,,,Total,,4,4,4,4,,,,4,4,4,,,,,,
,,Brelshaza,Hard,1540,Gate 1,,3,3,2,,,,,3,3,,,300k,,,8,
,,,,,Gate 2,,3,3,2,,,,,3,3,,,,,,,
,,,,1550,Gate 3,,4,4,3,2,,,,4,4,2,,,,,,
,,,,1560,Gate 4,,8,8,8,5,,,,8,8,6,,,,,,
,,,,,Total,,18,18,15,7,,,,18,18,8,,,,,,
,,,Normal,1490,Gate 1,,3,3,2,,,,,3,3,,,300k,,,8,
,,,,,Gate 2,,3,3,2,,,,,3,3,,,,,,,
,,,,1500,Gate 3,,4,4,3,1,,,,4,4,2,,,,,,
,,,,1520,Gate 4,,8,8,8,3,,,,8,8,6,,,,,,
,,,,,Total,,18,18,15,4,,,,18,18,8,,,,,,
,,,Solo,1490,Gate 1,,3,3,2,,,,,3,3,,,300k,,,8,
,,,,,Gate 2,,3,3,2,,,,,3,3,,,,,,,
,,,,1500,Gate 3,,4,4,3,1,,,,4,4,2,,,,,,
,,,,1520,Gate 4,,8,8,8,3,,,,8,8,6,,,,,,
,,,,,Total,,18,18,15,4,,,,18,18,8,,,,,,
,,"Kakul-
Saydon",Normal,1475,Gate 1,,1,,,,,,,1,,,,300k,,,8,
,,,,,Gate 2,,2,1,,,,,,2,1,,,,,,,
,,,,,Gate 3,,3,1,,1,,,,3,1,,,,,,,
,,,,,Total,,6,2,,1,,,,6,2,,,,,,,
,,,Solo,1475,Gate 1,,1,,,,,,,1,,,,300k,,,8,
,,,,,Gate 2,,2,1,,,,,,2,1,,,,,,,
,,,,,Gate 3,,3,1,,1,,,,3,1,,,,,,,
,,,,,Total,,6,2,,1,,,,6,2,,,,,,,
,,Vykas,Hard,1460,Gate 1,,3,1,,,,,,3,1,,,300k,,,8,
,,,,,Gate 2,,3,1,,1,,,,3,1,,,,,,,
,,,,,Total,,6,2,,1,,,,6,2,,,,,,,
,,,Normal,1430,Gate 1,,2,1,,,,,,2,1,,,300k,,,8,
,,,,,Gate 2,,2,1,,1,,,,2,1,,,,,,,
,,,,,Total,,4,2,,1,,,,4,2,,,,,,,
,,,Solo,1430,Gate 1,,2,1,,,,,,2,1,,,300k,,,8,
,,,,,Gate 2,,2,1,,1,,,,2,1,,,,,,,
,,,,,Total,,4,2,,1,,,,4,2,,,,,,,
,,Valtan,Hard,1445,Gate 1,,3,1,,,,,,3,1,,,300k,,,8,
,,,,,Gate 2,,3,1,,1,,,,3,1,,,,,,,
,,,,,Total,,6,2,,1,,,,6,2,,,,,,,
,,,Normal,1415,Gate 1,,2,1,,,,,,2,1,,,300k,,,8,
,,,,,Gate 2,,2,1,,1,,,,2,1,,,,,,,
,,,,,Total,,4,2,,1,,,,4,2,,,,,,,
,,,Solo,1415,Gate 1,,2,1,,,,,,2,1,,,300k,,,8,
,,,,,Gate 2,,2,1,,1,,,,2,1,,,,,,,
,,,,,Total,,4,2,,1,,,,4,2,,,,,,,